{"cameraMode":{"drawMode":0,"name":"Shaded","section":"Shading Mode"},"sceneLighting":true,"audioPlay":false,"sceneViewState":{"showFog":true,"showMaterialUpdate":false,"showSkybox":true,"showFlares":true,"showImageEffects":true,"showParticleSystems":true},"in2DMode":false,"pivot":{"x":-1.2153377532958985,"y":-0.009277820587158203,"z":0.7678325176239014},"rotation":{"x":-0.42895832657814028,"y":-0.5641367435455322,"z":0.4367547333240509,"w":-0.5540684461593628},"size":3.465276002883911,"orthographic":false}