{"cameraMode":{"drawMode":0,"name":"Shaded","section":"Shading Mode"},"sceneLighting":true,"audioPlay":false,"sceneViewState":{"showFog":true,"showMaterialUpdate":false,"showSkybox":true,"showFlares":true,"showImageEffects":true,"showParticleSystems":true},"in2DMode":false,"pivot":{"x":243.13763427734376,"y":136.73220825195313,"z":32.55865478515625},"rotation":{"x":0.13934241235256196,"y":0.013676800765097142,"z":-0.0019284194568172098,"w":0.9901520013809204},"size":297.7610168457031,"orthographic":false}